Column1,Column2
,0
0,코로나
1,오미크론
2,코로나기침
3,기침
4,열
5,따뜻한물
6,녹차
7,가래
8,가글
9,주의
10,가습기
11,휴식
12,정보
13,꿀팁
14,꿀정보
15,공유
16,건강
17,조심
18,yhishare
19,코로나
20,일상
21,영상편집
22,ㅋㅋㅋㅋ
23,짤
24,코로나막차탑승
25,좋아요
26,맞팔
27,선팔
28,예능
29,웃긴
30,웃긴짤
31,예능레전드
32,개꿀잼
33,꿀잼
34,짤방
35,레전드
36,이슈
37,현웃
38,개웃
39,좋반
40,좋아요반사
41,맞팔해요
42,맞팔환영
43,팔로우미
44,코로나
45,회사동료
46,황당
47,이슈
48,어이없음
49,이시국
50,코로나
51,여행
52,썰스타
53,짤방
54,이슈스타그램
55,여름이다
56,직딩
57,썰스타
58,이건못참지
59,웃긴밈
60,공감짤
61,일하기싫다
62,부모공감
63,공감영상
64,물놀이
65,강아지그램
66,멍스타그램
67,강아지
68,댕댕이
69,믹스견
70,개딸
71,반려견
72,dog
73,dogstagram
74,pet
75,petsagram
76,가족
77,럽스타그램
78,좋아요
79,좋아요반사
80,얼스타그램
81,사진
82,사진스타그램
83,일상
84,일상스타그램
85,데일리
86,소통
87,코로나
88,4개월아기
89,로이스타그램
90,코로나
91,장꾸력
92,웃긴짤
93,웃긴글
94,웃긴사진
95,웃긴썰
96,유머
97,유머스타그램
98,유머짤
99,유머글
100,오늘의유머
101,공감
102,공감글
103,공감글귀
104,공감스타그램
105,연애
106,커플
107,코로나
108,강아지
109,헬스
110,좋아요구매
111,팔로워구매
112,눈썹문신
113,강남눈썹문신
114,감성카페
115,팔로워늘리기
116,좋테
117,좋반
118,좋아요반사
119,맞팔
120,선팔맞팔
121,소개계정맞팔
122,팔로워판매
123,좋아요판매
124,첫줄반사
125,첫줄
126,협찬
127,코로나
128,가로수길
129,속눈썹
130,마스크
131,오늘의훈녀
132,오늘의훈남
133,셀스타그램
134,눈썹반영구
135,홍대
136,팔로우
137,자연눈썹
138,코로나
139,협찬
140,오늘의훈녀
141,오늘의훈남
142,헬스
143,첫줄반사
144,좋아요반사
145,눈썹반영구
146,팔로워늘리기
147,팔로워판매
148,인스타마케팅
149,네일아트
150,소개계정맞팔
151,20대
152,데이트
153,다이어트
154,팔로워
155,패션스타그램
156,데일리룩
157,부계교환
158,커플
159,운동스타그램
160,코로나
161,협찬
162,오늘의훈녀
163,오늘의훈남
164,헬스
165,첫줄반사
166,좋아요반사
167,눈썹반영구
168,팔로워늘리기
169,팔로워판매
170,인스타마케팅
171,네일아트
172,소개계정맞팔
173,20대
174,데이트
175,다이어트
176,팔로워
177,패션스타그램
178,데일리룩
179,부계교환
180,커플
181,운동스타그램
182,범죄도시2
183,마블리는
184,유머코드내취향
185,극장팝콘은
186,코로나
187,코로나
188,협찬
189,오늘의훈녀
190,오늘의훈남
191,헬스
192,첫줄반사
193,좋아요반사
194,눈썹반영구
195,팔로워늘리기
196,팔로워판매
197,인스타마케팅
198,네일아트
199,소개계정맞팔
200,20대
201,데이트
202,다이어트
203,팔로워
204,패션스타그램
205,데일리룩
206,부계교환
207,커플
208,운동스타그램
209,코로나
210,협찬
211,오늘의훈녀
212,오늘의훈남
213,헬스
214,첫줄반사
215,좋아요반사
216,눈썹반영구
217,팔로워늘리기
218,팔로워판매
219,인스타마케팅
220,네일아트
221,소개계정맞팔
222,20대
223,데이트
224,다이어트
225,팔로워
226,패션스타그램
227,데일리룩
228,부계교환
229,커플
230,운동스타그램
231,내인생매운맛
232,9살7살
233,독박육아
234,함평돌머리
235,핫플
236,코로나
237,mytime
238,싱글맘모드
239,육아동지
240,코로나
241,협찬
242,오늘의훈녀
243,오늘의훈남
244,헬스
245,첫줄반사
246,좋아요반사
247,눈썹반영구
248,팔로워늘리기
249,팔로워판매
250,인스타마케팅
251,네일아트
252,소개계정맞팔
253,20대
254,데이트
255,다이어트
256,팔로워
257,패션스타그램
258,데일리룩
259,부계교환
260,커플
261,운동스타그램
262,키즈카페
263,예약제
264,봉명동
265,유어빔보
266,맘스타그램
267,코로나
268,키카
269,대전키카
270,먹스타그램
271,대전맛집
272,대전키카
273,키즈카페
274,음식이맛있는카페
275,깨끗한키카
276,위생청결
277,매회소독실시
278,맘
279,육아
280,키즈카페
281,코로나
282,협찬
283,오늘의훈녀
284,오늘의훈남
285,헬스
286,첫줄반사
287,좋아요반사
288,눈썹반영구
289,팔로워늘리기
290,팔로워판매
291,인스타마케팅
292,네일아트
293,소개계정맞팔
294,20대
295,데이트
296,다이어트
297,팔로워
298,패션스타그램
299,데일리룩
300,부계교환
301,커플
302,운동스타그램
303,코로나
304,covid_19
305,먹스타그램
306,food
307,일본
308,도시락
309,키즈카페
310,예약제
311,봉명동
312,유어빔보
313,맘스타그램
314,코로나
315,키카
316,대전키카
317,먹스타그램
318,대전맛집
319,대전키카
320,키즈카페
321,음식이맛있는카페
322,깨끗한키카
323,위생청결
324,매회소독실시
325,맘
326,육아
327,키즈카페
328,키즈카페
329,예약제
330,봉명동
331,유어빔보
332,맘스타그램
333,코로나
334,키카
335,대전키카
336,먹스타그램
337,대전맛집
338,대전키카
339,키즈카페
340,음식이맛있는카페
341,깨끗한키카
342,위생청결
343,매회소독실시
344,맘
345,육아
346,키즈카페
347,코로나
348,협찬
349,오늘의훈녀
350,오늘의훈남
351,헬스
352,첫줄반사
353,좋아요반사
354,눈썹반영구
355,팔로워늘리기
356,팔로워판매
357,인스타마케팅
358,네일아트
359,소개계정맞팔
360,20대
361,데이트
362,다이어트
363,팔로워
364,패션스타그램
365,데일리룩
366,부계교환
367,커플
368,운동스타그램
369,강아지
370,헬스
371,좋아요구매
372,팔로워구매
373,눈썹문신
374,강남눈썹문신
375,감성카페
376,팔로워늘리기
377,좋테
378,좋반
379,좋아요반사
380,맞팔
381,선팔맞팔
382,소개계정맞팔
383,팔로워판매
384,좋아요판매
385,첫줄반사
386,첫줄
387,협찬
388,코로나
389,가로수길
390,속눈썹
391,마스크
392,오늘의훈녀
393,오늘의훈남
394,셀스타그램
395,눈썹반영구
396,홍대
397,팔로우
398,자연눈썹
399,키즈카페
400,예약제
401,봉명동
402,유어빔보
403,맘스타그램
404,코로나
405,키카
406,대전키카
407,먹스타그램
408,대전맛집
409,대전키카
410,키즈카페
411,음식이맛있는카페
412,깨끗한키카
413,위생청결
414,매회소독실시
415,맘
416,육아
417,키즈카페
418,코로나
419,예전처럼
420,아빠
421,고맙고
422,키즈카페
423,예약제
424,봉명동
425,유어빔보
426,맘스타그램
427,코로나
428,키카
429,대전키카
430,먹스타그램
431,대전맛집
432,대전키카
433,키즈카페
434,음식이맛있는카페
435,깨끗한키카
436,위생청결
437,매회소독실시
438,맘
439,육아
440,키즈카페
441,강아지
442,헬스
443,좋아요구매
444,팔로워구매
445,눈썹문신
446,강남눈썹문신
447,감성카페
448,팔로워늘리기
449,좋테
450,좋반
451,좋아요반사
452,맞팔
453,선팔맞팔
454,소개계정맞팔
455,팔로워판매
456,좋아요판매
457,첫줄반사
458,첫줄
459,협찬
460,코로나
461,가로수길
462,속눈썹
463,마스크
464,오늘의훈녀
465,오늘의훈남
466,셀스타그램
467,눈썹반영구
468,홍대
469,팔로우
470,자연눈썹
471,경기도사격테마파크
472,야라🚴
473,코로나
474,간호
475,100km이상
476,장거리라이딩
477,고픔
478,프로펠어드밴스1디스크
479,동탄
480,로뚱
481,자린이🚴🏻‍
482,좋테
483,좋반
484,좋아요반사
485,맞팔
486,선팔맞팔
487,소개계정맞팔
488,팔로워판매
489,좋아요판매
490,첫줄반사
491,첫줄
492,협찬
493,코로나
494,속눈썹
495,마스크
496,오늘의훈녀
497,오늘의훈남
498,셀스타그램
499,강아지
500,헬스
501,좋아요구매
502,팔로워구매
503,눈썹문신
504,강남눈썹문신
505,감성카페
506,좋테
507,좋반
508,좋아요반사
509,맞팔
510,선팔맞팔
511,소개계정맞팔
512,팔로워판매
513,좋아요판매
514,첫줄반사
515,첫줄
516,협찬
517,코로나
518,속눈썹
519,마스크
520,오늘의훈녀
521,오늘의훈남
522,셀스타그램
523,강아지
524,헬스
525,좋아요구매
526,팔로워구매
527,눈썹문신
528,강남눈썹문신
529,감성카페
530,좋테
531,좋반
532,좋아요반사
533,맞팔
534,선팔맞팔
535,소개계정맞팔
536,팔로워판매
537,좋아요판매
538,첫줄반사
539,첫줄
540,협찬
541,코로나
542,속눈썹
543,마스크
544,오늘의훈녀
545,오늘의훈남
546,셀스타그램
547,강아지
548,헬스
549,좋아요구매
550,팔로워구매
551,눈썹문신
552,강남눈썹문신
553,감성카페
554,20220528
555,유아식
556,흰쥐띠
557,흰쥐띠맘
558,흰쥐띠애기들
559,2022
560,엄마공간
561,아기스타그램
562,베이비스타그램
563,좋반
564,가족
565,family
566,고양이
567,강아지
568,엄마
569,아빠
570,아기
571,daily
572,일상
573,엄마공간
574,아기기록
575,코로나
576,범죄도시2🎬
577,혜화동
578,칸다소바
579,마제소바
580,아브라소바
581,대학로
582,주말
583,맛집
584,일상
585,코로나
586,조심
587,좋테
588,좋반
589,좋아요반사
590,맞팔
591,선팔맞팔
592,소개계정맞팔
593,팔로워판매
594,좋아요판매
595,첫줄반사
596,첫줄
597,협찬
598,코로나
599,속눈썹
600,마스크
601,오늘의훈녀
602,오늘의훈남
603,셀스타그램
604,강아지
605,헬스
606,좋아요구매
607,팔로워구매
608,눈썹문신
609,강남눈썹문신
610,감성카페
611,좋테
612,좋반
613,좋아요반사
614,맞팔
615,선팔맞팔
616,소개계정맞팔
617,팔로워판매
618,좋아요판매
619,첫줄반사
620,첫줄
621,협찬
622,코로나
623,속눈썹
624,마스크
625,오늘의훈녀
626,오늘의훈남
627,셀스타그램
628,강아지
629,헬스
630,좋아요구매
631,팔로워구매
632,눈썹문신
633,강남눈썹문신
634,감성카페
635,좋테
636,좋반
637,좋아요반사
638,맞팔
639,선팔맞팔
640,소개계정맞팔
641,팔로워판매
642,좋아요판매
643,첫줄반사
644,첫줄
645,협찬
646,코로나
647,속눈썹
648,마스크
649,오늘의훈녀
650,오늘의훈남
651,셀스타그램
652,강아지
653,헬스
654,좋아요구매
655,팔로워구매
656,눈썹문신
657,강남눈썹문신
658,감성카페
659,말티푸
660,말티즈
661,푸들
662,강아지
663,댕댕이
664,maltipoo
665,maltese
666,poodle
667,pupper
668,dog
669,petsofinstagram
670,puppy
671,pet
672,먹스타그램
673,셀스타그램
674,맛스타그램
675,dogsofinstagram
676,covid_19
677,selfie
678,댕댕이그램
679,말티푸그램
680,vsco
681,tattoo
682,instagood
683,couple
684,love
685,코로나
686,funny
687,cute
688,가족
689,말티푸
690,말티즈
691,푸들
692,강아지
693,댕댕이
694,maltipoo
695,maltese
696,poodle
697,pupper
698,dog
699,petsofinstagram
700,puppy
701,pet
702,먹스타그램
703,셀스타그램
704,맛스타그램
705,dogsofinstagram
706,covid_19
707,selfie
708,댕댕이그램
709,말티푸그램
710,vsco
711,tattoo
712,instagood
713,couple
714,love
715,코로나
716,funny
717,cute
718,가족
719,좋테
720,좋반
721,좋아요반사
722,맞팔
723,선팔맞팔
724,소개계정맞팔
725,팔로워판매
726,좋아요판매
727,첫줄반사
728,첫줄
729,협찬
730,코로나
731,속눈썹
732,마스크
733,오늘의훈녀
734,오늘의훈남
735,셀스타그램
736,강아지
737,헬스
738,좋아요구매
739,팔로워구매
740,눈썹문신
741,강남눈썹문신
742,감성카페
743,좋테
744,좋반
745,좋아요반사
746,맞팔
747,선팔맞팔
748,소개계정맞팔
749,팔로워판매
750,좋아요판매
751,첫줄반사
752,첫줄
753,협찬
754,코로나
755,속눈썹
756,마스크
757,오늘의훈녀
758,오늘의훈남
759,셀스타그램
760,강아지
761,헬스
762,좋아요구매
763,팔로워구매
764,눈썹문신
765,강남눈썹문신
766,감성카페
767,좋테
768,좋반
769,좋아요반사
770,맞팔
771,선팔맞팔
772,소개계정맞팔
773,팔로워판매
774,좋아요판매
775,첫줄반사
776,첫줄
777,협찬
778,코로나
779,속눈썹
780,마스크
781,오늘의훈녀
782,오늘의훈남
783,셀스타그램
784,강아지
785,헬스
786,좋아요구매
787,팔로워구매
788,눈썹문신
789,강남눈썹문신
790,감성카페
791,코로나
792,협찬
793,오늘의훈녀
794,오늘의훈남
795,헬스
796,첫줄반사
797,좋아요반사
798,눈썹반영구
799,팔로워늘리기
800,팔로워판매
801,인스타마케팅
802,네일아트
803,소개계정맞팔
804,20대
805,데이트
806,다이어트
807,팔로워
808,패션스타그램
809,데일리룩
810,부계교환
811,커플
812,운동스타그램
813,좋테
814,좋반
815,좋아요반사
816,맞팔
817,선팔맞팔
818,소개계정맞팔
819,팔로워판매
820,좋아요판매
821,첫줄반사
822,첫줄
823,협찬
824,코로나
825,속눈썹
826,마스크
827,오늘의훈녀
828,오늘의훈남
829,셀스타그램
830,강아지
831,헬스
832,좋아요구매
833,팔로워구매
834,눈썹문신
835,강남눈썹문신
836,감성카페
837,코로나
838,협찬
839,오늘의훈녀
840,오늘의훈남
841,헬스
842,첫줄반사
843,좋아요반사
844,눈썹반영구
845,팔로워늘리기
846,팔로워판매
847,인스타마케팅
848,네일아트
849,소개계정맞팔
850,20대
851,데이트
852,다이어트
853,팔로워
854,패션스타그램
855,데일리룩
856,부계교환
857,커플
858,운동스타그램
859,좋테
860,좋반
861,좋아요반사
862,맞팔
863,선팔맞팔
864,소개계정맞팔
865,팔로워판매
866,좋아요판매
867,첫줄반사
868,첫줄
869,협찬
870,코로나
871,속눈썹
872,마스크
873,오늘의훈녀
874,오늘의훈남
875,셀스타그램
876,강아지
877,헬스
878,좋아요구매
879,팔로워구매
880,눈썹문신
881,강남눈썹문신
882,감성카페
883,좋테
884,좋반
885,좋아요반사
886,맞팔
887,선팔맞팔
888,소개계정맞팔
889,팔로워판매
890,좋아요판매
891,첫줄반사
892,첫줄
893,협찬
894,코로나
895,속눈썹
896,마스크
897,오늘의훈녀
898,오늘의훈남
899,셀스타그램
900,강아지
901,헬스
902,좋아요구매
903,팔로워구매
904,눈썹문신
905,강남눈썹문신
906,감성카페
907,좋테
908,좋반
909,좋아요반사
910,맞팔
911,선팔맞팔
912,소개계정맞팔
913,팔로워판매
914,좋아요판매
915,첫줄반사
916,첫줄
917,협찬
918,코로나
919,속눈썹
920,마스크
921,오늘의훈녀
922,오늘의훈남
923,셀스타그램
924,강아지
925,헬스
926,좋아요구매
927,팔로워구매
928,눈썹문신
929,강남눈썹문신
930,감성카페
931,좋테
932,좋반
933,좋아요반사
934,맞팔
935,선팔맞팔
936,소개계정맞팔
937,팔로워판매
938,좋아요판매
939,첫줄반사
940,첫줄
941,협찬
942,코로나
943,속눈썹
944,마스크
945,오늘의훈녀
946,오늘의훈남
947,셀스타그램
948,강아지
949,헬스
950,좋아요구매
951,팔로워구매
952,눈썹문신
953,강남눈썹문신
954,감성카페
955,좋테
956,좋반
957,좋아요반사
958,맞팔
959,선팔맞팔
960,소개계정맞팔
961,팔로워판매
962,좋아요판매
963,첫줄반사
964,첫줄
965,협찬
966,코로나
967,속눈썹
968,마스크
969,오늘의훈녀
970,오늘의훈남
971,셀스타그램
972,강아지
973,헬스
974,좋아요구매
975,팔로워구매
976,눈썹문신
977,강남눈썹문신
978,감성카페
979,좋테
980,좋반
981,좋아요반사
982,맞팔
983,선팔맞팔
984,소개계정맞팔
985,팔로워판매
986,좋아요판매
987,첫줄반사
988,첫줄
989,협찬
990,코로나
991,속눈썹
992,마스크
993,오늘의훈녀
994,오늘의훈남
995,셀스타그램
996,강아지
997,헬스
998,좋아요구매
999,팔로워구매
1000,눈썹문신
1001,강남눈썹문신
1002,감성카페
1003,좋테
1004,좋반
1005,좋아요반사
1006,맞팔
1007,선팔맞팔
1008,소개계정맞팔
1009,팔로워판매
1010,좋아요판매
1011,첫줄반사
1012,첫줄
1013,협찬
1014,코로나
1015,속눈썹
1016,마스크
1017,오늘의훈녀
1018,오늘의훈남
1019,셀스타그램
1020,강아지
1021,헬스
1022,좋아요구매
1023,팔로워구매
1024,눈썹문신
1025,강남눈썹문신
1026,감성카페
1027,좋테
1028,좋반
1029,좋아요반사
1030,맞팔
1031,선팔맞팔
1032,소개계정맞팔
1033,팔로워판매
1034,좋아요판매
1035,첫줄반사
1036,첫줄
1037,협찬
1038,코로나
1039,속눈썹
1040,마스크
1041,오늘의훈녀
1042,오늘의훈남
1043,셀스타그램
1044,강아지
1045,헬스
1046,좋아요구매
1047,팔로워구매
1048,눈썹문신
1049,강남눈썹문신
1050,감성카페
1051,봄날의꽃
1052,만세선인장
1053,마오리소포라
1054,일산꽃집
1055,일산꽃집추천
1056,장항동꽃집
1057,일산꽃다발
1058,일산꽃집봄날의꽃
1059,하랑이네
1060,세식구
1061,일상
1062,성장
1063,기록
1064,79개월
1065,8살
1066,초1
1067,아들램
1068,정림초
1069,아들스타그램
1070,정림동
1071,코로나
1072,더이상은안돼
1073,이제정말그만🖐🏻
1074,코로나
1075,협찬
1076,오늘의훈녀
1077,오늘의훈남
1078,헬스
1079,첫줄반사
1080,좋아요반사
1081,눈썹반영구
1082,팔로워늘리기
1083,팔로워판매
1084,인스타마케팅
1085,네일아트
1086,소개계정맞팔
1087,20대
1088,데이트
1089,다이어트
1090,팔로워
1091,패션스타그램
1092,데일리룩
1093,부계교환
1094,커플
1095,운동스타그램
1096,좋테
1097,좋반
1098,좋아요반사
1099,맞팔
1100,선팔맞팔
1101,소개계정맞팔
1102,팔로워판매
1103,좋아요판매
1104,첫줄반사
1105,첫줄
1106,협찬
1107,코로나
1108,속눈썹
1109,마스크
1110,오늘의훈녀
1111,오늘의훈남
1112,셀스타그램
1113,강아지
1114,헬스
1115,좋아요구매
1116,팔로워구매
1117,눈썹문신
1118,강남눈썹문신
1119,감성카페
1120,좋테
1121,좋반
1122,좋아요반사
1123,맞팔
1124,선팔맞팔
1125,소개계정맞팔
1126,팔로워판매
1127,좋아요판매
1128,첫줄반사
1129,첫줄
1130,협찬
1131,코로나
1132,속눈썹
1133,마스크
1134,오늘의훈녀
1135,오늘의훈남
1136,셀스타그램
1137,강아지
1138,헬스
1139,좋아요구매
1140,팔로워구매
1141,눈썹문신
1142,강남눈썹문신
1143,감성카페
1144,좋테
1145,좋반
1146,좋아요반사
1147,맞팔
1148,선팔맞팔
1149,소개계정맞팔
1150,팔로워판매
1151,좋아요판매
1152,첫줄반사
1153,첫줄
1154,협찬
1155,코로나
1156,속눈썹
1157,마스크
1158,오늘의훈녀
1159,오늘의훈남
1160,셀스타그램
1161,강아지
1162,헬스
1163,좋아요구매
1164,팔로워구매
1165,눈썹문신
1166,강남눈썹문신
1167,감성카페
1168,좋테
1169,좋반
1170,좋아요반사
1171,맞팔
1172,선팔맞팔
1173,소개계정맞팔
1174,팔로워판매
1175,좋아요판매
1176,첫줄반사
1177,첫줄
1178,협찬
1179,코로나
1180,속눈썹
1181,마스크
1182,오늘의훈녀
1183,오늘의훈남
1184,셀스타그램
1185,강아지
1186,헬스
1187,좋아요구매
1188,팔로워구매
1189,눈썹문신
1190,강남눈썹문신
1191,감성카페
1192,좋테
1193,좋반
1194,좋아요반사
1195,맞팔
1196,선팔맞팔
1197,소개계정맞팔
1198,팔로워판매
1199,좋아요판매
1200,첫줄반사
1201,첫줄
1202,협찬
1203,코로나
1204,속눈썹
1205,마스크
1206,오늘의훈녀
1207,오늘의훈남
1208,셀스타그램
1209,강아지
1210,헬스
1211,좋아요구매
1212,팔로워구매
1213,눈썹문신
1214,강남눈썹문신
1215,감성카페
1216,좋테
1217,좋반
1218,좋아요반사
1219,맞팔
1220,선팔맞팔
1221,소개계정맞팔
1222,팔로워판매
1223,좋아요판매
1224,첫줄반사
1225,첫줄
1226,협찬
1227,코로나
1228,속눈썹
1229,마스크
1230,오늘의훈녀
1231,오늘의훈남
1232,셀스타그램
1233,강아지
1234,헬스
1235,좋아요구매
1236,팔로워구매
1237,눈썹문신
1238,강남눈썹문신
1239,감성카페
1240,코로나
1241,협찬
1242,오늘의훈녀
1243,오늘의훈남
1244,헬스
1245,첫줄반사
1246,좋아요반사
1247,눈썹반영구
1248,팔로워늘리기
1249,팔로워판매
1250,인스타마케팅
1251,네일아트
1252,소개계정맞팔
1253,20대
1254,데이트
1255,다이어트
1256,팔로워
1257,패션스타그램
1258,데일리룩
1259,부계교환
1260,커플
1261,운동스타그램
1262,코로나
1263,협찬
1264,오늘의훈녀
1265,오늘의훈남
1266,헬스
1267,첫줄반사
1268,좋아요반사
1269,눈썹반영구
1270,팔로워늘리기
1271,팔로워판매
1272,인스타마케팅
1273,네일아트
1274,소개계정맞팔
1275,20대
1276,데이트
1277,다이어트
1278,팔로워
1279,패션스타그램
1280,데일리룩
1281,부계교환
1282,커플
1283,운동스타그램
1284,좋테
1285,좋반
1286,좋아요반사
1287,맞팔
1288,선팔맞팔
1289,소개계정맞팔
1290,팔로워판매
1291,좋아요판매
1292,첫줄반사
1293,첫줄
1294,협찬
1295,코로나
1296,속눈썹
1297,마스크
1298,오늘의훈녀
1299,오늘의훈남
1300,셀스타그램
1301,강아지
1302,헬스
1303,좋아요구매
1304,팔로워구매
1305,눈썹문신
1306,강남눈썹문신
1307,감성카페
1308,좋테
1309,좋반
1310,좋아요반사
1311,맞팔
1312,선팔맞팔
1313,소개계정맞팔
1314,팔로워판매
1315,좋아요판매
1316,첫줄반사
1317,첫줄
1318,협찬
1319,코로나
1320,속눈썹
1321,마스크
1322,오늘의훈녀
1323,오늘의훈남
1324,셀스타그램
1325,강아지
1326,헬스
1327,좋아요구매
1328,팔로워구매
1329,눈썹문신
1330,강남눈썹문신
1331,감성카페
1332,좋테
1333,좋반
1334,좋아요반사
1335,맞팔
1336,선팔맞팔
1337,소개계정맞팔
1338,팔로워판매
1339,좋아요판매
1340,첫줄반사
1341,첫줄
1342,협찬
1343,코로나
1344,속눈썹
1345,마스크
1346,오늘의훈녀
1347,오늘의훈남
1348,셀스타그램
1349,강아지
1350,헬스
1351,좋아요구매
1352,팔로워구매
1353,눈썹문신
1354,강남눈썹문신
1355,감성카페
1356,남대문
1357,숭례문
1358,명동
1359,명동교자
1360,한국은행
1361,코로나
1362,흔적들
1363,코로나
1364,협찬
1365,오늘의훈녀
1366,오늘의훈남
1367,헬스
1368,첫줄반사
1369,좋아요반사
1370,눈썹반영구
1371,팔로워늘리기
1372,팔로워판매
1373,인스타마케팅
1374,네일아트
1375,소개계정맞팔
1376,20대
1377,데이트
1378,다이어트
1379,팔로워
1380,패션스타그램
1381,데일리룩
1382,부계교환
1383,커플
1384,운동스타그램
1385,말티푸
1386,말티즈
1387,푸들
1388,강아지
1389,댕댕이
1390,maltipoo
1391,maltese
1392,poodle
1393,pupper
1394,dog
1395,petsofinstagram
1396,puppy
1397,pet
1398,먹스타그램
1399,셀스타그램
1400,맛스타그램
1401,dogsofinstagram
1402,covid_19
1403,selfie
1404,댕댕이그램
1405,말티푸그램
1406,vsco
1407,tattoo
1408,instagood
1409,couple
1410,love
1411,코로나
1412,funny
1413,cute
1414,가족
1415,해일로
1416,해일로의아침
1417,네이버
1418,만화
1419,웹툰
1420,네이버시리즈
1421,네이버웹툰
1422,힐링
1423,청춘
1424,성장
1425,스포츠
1426,치유
1427,드라마
1428,소년
1429,학원
1430,일상
1431,마라톤
1432,달리기
1433,육상
1434,박장고
1435,이우
1436,코로나
1437,naver
1438,manhwa
1439,webtoon
1440,naverseries
1441,sports
1442,drama
1443,marathon
1444,covid_19
1445,좋테
1446,좋반
1447,좋아요반사
1448,맞팔
1449,선팔맞팔
1450,소개계정맞팔
1451,팔로워판매
1452,좋아요판매
1453,첫줄반사
1454,첫줄
1455,협찬
1456,코로나
1457,속눈썹
1458,마스크
1459,오늘의훈녀
1460,오늘의훈남
1461,셀스타그램
1462,강아지
1463,헬스
1464,좋아요구매
1465,팔로워구매
1466,눈썹문신
1467,강남눈썹문신
1468,감성카페
1469,좋테
1470,좋반
1471,좋아요반사
1472,맞팔
1473,선팔맞팔
1474,소개계정맞팔
1475,팔로워판매
1476,좋아요판매
1477,첫줄반사
1478,첫줄
1479,협찬
1480,코로나
1481,속눈썹
1482,마스크
1483,오늘의훈녀
1484,오늘의훈남
1485,셀스타그램
1486,강아지
1487,헬스
1488,좋아요구매
1489,팔로워구매
1490,눈썹문신
1491,강남눈썹문신
1492,감성카페
1493,좋테
1494,좋반
1495,좋아요반사
1496,맞팔
1497,선팔맞팔
1498,소개계정맞팔
1499,팔로워판매
1500,좋아요판매
1501,첫줄반사
1502,첫줄
1503,협찬
1504,코로나
1505,속눈썹
1506,마스크
1507,오늘의훈녀
1508,오늘의훈남
1509,셀스타그램
1510,강아지
1511,헬스
1512,좋아요구매
1513,팔로워구매
1514,눈썹문신
1515,강남눈썹문신
1516,감성카페
1517,좋테
1518,좋반
1519,좋아요반사
1520,맞팔
1521,선팔맞팔
1522,소개계정맞팔
1523,팔로워판매
1524,좋아요판매
1525,첫줄반사
1526,첫줄
1527,협찬
1528,코로나
1529,속눈썹
1530,마스크
1531,오늘의훈녀
1532,오늘의훈남
1533,셀스타그램
1534,강아지
1535,헬스
1536,좋아요구매
1537,팔로워구매
1538,눈썹문신
1539,강남눈썹문신
1540,감성카페
1541,좋테
1542,좋반
1543,좋아요반사
1544,맞팔
1545,선팔맞팔
1546,소개계정맞팔
1547,팔로워판매
1548,좋아요판매
1549,첫줄반사
1550,첫줄
1551,협찬
1552,코로나
1553,속눈썹
1554,마스크
1555,오늘의훈녀
1556,오늘의훈남
1557,셀스타그램
1558,강아지
1559,헬스
1560,좋아요구매
1561,팔로워구매
1562,눈썹문신
1563,강남눈썹문신
1564,감성카페
1565,좋테
1566,좋반
1567,좋아요반사
1568,맞팔
1569,선팔맞팔
1570,소개계정맞팔
1571,팔로워판매
1572,좋아요판매
1573,첫줄반사
1574,첫줄
1575,협찬
1576,코로나
1577,속눈썹
1578,마스크
1579,오늘의훈녀
1580,오늘의훈남
1581,셀스타그램
1582,강아지
1583,헬스
1584,좋아요구매
1585,팔로워구매
1586,눈썹문신
1587,강남눈썹문신
1588,감성카페
1589,좋테
1590,좋반
1591,좋아요반사
1592,맞팔
1593,선팔맞팔
1594,소개계정맞팔
1595,팔로워판매
1596,좋아요판매
1597,첫줄반사
1598,첫줄
1599,협찬
1600,코로나
1601,속눈썹
1602,마스크
1603,오늘의훈녀
1604,오늘의훈남
1605,셀스타그램
1606,강아지
1607,헬스
1608,좋아요구매
1609,팔로워구매
1610,눈썹문신
1611,강남눈썹문신
1612,감성카페
1613,좋테
1614,좋반
1615,좋아요반사
1616,맞팔
1617,선팔맞팔
1618,소개계정맞팔
1619,팔로워판매
1620,좋아요판매
1621,첫줄반사
1622,첫줄
1623,협찬
1624,코로나
1625,속눈썹
1626,마스크
1627,오늘의훈녀
1628,오늘의훈남
1629,셀스타그램
1630,강아지
1631,헬스
1632,좋아요구매
1633,팔로워구매
1634,눈썹문신
1635,강남눈썹문신
1636,감성카페
1637,코로나
1638,협찬
1639,오늘의훈녀
1640,오늘의훈남
1641,헬스
1642,첫줄반사
1643,좋아요반사
1644,눈썹반영구
1645,팔로워늘리기
1646,팔로워판매
1647,인스타마케팅
1648,네일아트
1649,소개계정맞팔
1650,20대
1651,데이트
1652,다이어트
1653,팔로워
1654,패션스타그램
1655,데일리룩
1656,부계교환
1657,커플
1658,운동스타그램
1659,좋테
1660,좋반
1661,좋아요반사
1662,맞팔
1663,선팔맞팔
1664,소개계정맞팔
1665,팔로워판매
1666,좋아요판매
1667,첫줄반사
1668,첫줄
1669,협찬
1670,코로나
1671,속눈썹
1672,마스크
1673,오늘의훈녀
1674,오늘의훈남
1675,셀스타그램
1676,강아지
1677,헬스
1678,좋아요구매
1679,팔로워구매
1680,눈썹문신
1681,강남눈썹문신
1682,감성카페
1683,코로나
1684,협찬
1685,오늘의훈녀
1686,오늘의훈남
1687,헬스
1688,첫줄반사
1689,좋아요반사
1690,눈썹반영구
1691,팔로워늘리기
1692,팔로워판매
1693,인스타마케팅
1694,네일아트
1695,소개계정맞팔
1696,20대
1697,데이트
1698,다이어트
1699,팔로워
1700,패션스타그램
1701,데일리룩
1702,부계교환
1703,커플
1704,운동스타그램
1705,강아지
1706,헬스
1707,좋아요구매
1708,팔로워구매
1709,눈썹문신
1710,강남눈썹문신
1711,감성카페
1712,팔로워늘리기
1713,좋테
1714,좋반
1715,좋아요반사
1716,맞팔
1717,선팔맞팔
1718,소개계정맞팔
1719,팔로워판매
1720,좋아요판매
1721,첫줄반사
1722,첫줄
1723,협찬
1724,코로나
1725,가로수길
1726,속눈썹
1727,마스크
1728,오늘의훈녀
1729,오늘의훈남
1730,셀스타그램
1731,눈썹반영구
1732,홍대
1733,팔로우
1734,자연눈썹
1735,코로나
1736,협찬
1737,오늘의훈녀
1738,오늘의훈남
1739,헬스
1740,첫줄반사
1741,좋아요반사
1742,눈썹반영구
1743,팔로워늘리기
1744,팔로워판매
1745,인스타마케팅
1746,네일아트
1747,소개계정맞팔
1748,20대
1749,데이트
1750,다이어트
1751,팔로워
1752,패션스타그램
1753,데일리룩
1754,부계교환
1755,커플
1756,운동스타그램
1757,코로나
1758,코로나소독
1759,키즈존
1760,호리존
1761,대형호리존
1762,기념일사진
1763,결혼기념일
1764,사진이벤트
1765,프로필
1766,안산프로필
1767,안양프로필
1768,안산스튜디오
1769,안양스튜디오
1770,코로나
1771,첫
1772,콘서트
1773,성시경
1774,축가
1775,미술관
1776,돼지
1777,psy
1778,싸이
1779,강아지
1780,헬스
1781,좋아요구매
1782,팔로워구매
1783,눈썹문신
1784,강남눈썹문신
1785,감성카페
1786,팔로워늘리기
1787,좋테
1788,좋반
1789,좋아요반사
1790,맞팔
1791,선팔맞팔
1792,소개계정맞팔
1793,팔로워판매
1794,좋아요판매
1795,첫줄반사
1796,첫줄
1797,협찬
1798,코로나
1799,가로수길
1800,속눈썹
1801,마스크
1802,오늘의훈녀
1803,오늘의훈남
1804,셀스타그램
1805,눈썹반영구
1806,홍대
1807,팔로우
1808,자연눈썹
1809,강아지
1810,헬스
1811,좋아요구매
1812,팔로워구매
1813,눈썹문신
1814,강남눈썹문신
1815,감성카페
1816,팔로워늘리기
1817,좋테
1818,좋반
1819,좋아요반사
1820,맞팔
1821,선팔맞팔
1822,소개계정맞팔
1823,팔로워판매
1824,좋아요판매
1825,첫줄반사
1826,첫줄
1827,협찬
1828,코로나
1829,가로수길
1830,속눈썹
1831,마스크
1832,오늘의훈녀
1833,오늘의훈남
1834,셀스타그램
1835,눈썹반영구
1836,홍대
1837,팔로우
1838,자연눈썹
1839,코로나
1840,협찬
1841,오늘의훈녀
1842,오늘의훈남
1843,헬스
1844,첫줄반사
1845,좋아요반사
1846,눈썹반영구
1847,팔로워늘리기
1848,팔로워판매
1849,인스타마케팅
1850,네일아트
1851,소개계정맞팔
1852,20대
1853,데이트
1854,다이어트
1855,팔로워
1856,패션스타그램
1857,데일리룩
1858,부계교환
1859,커플
1860,운동스타그램
1861,강아지
1862,헬스
1863,좋아요구매
1864,팔로워구매
1865,눈썹문신
1866,강남눈썹문신
1867,감성카페
1868,팔로워늘리기
1869,좋테
1870,좋반
1871,좋아요반사
1872,맞팔
1873,선팔맞팔
1874,소개계정맞팔
1875,팔로워판매
1876,좋아요판매
1877,첫줄반사
1878,첫줄
1879,협찬
1880,코로나
1881,가로수길
1882,속눈썹
1883,마스크
1884,오늘의훈녀
1885,오늘의훈남
1886,셀스타그램
1887,눈썹반영구
1888,홍대
1889,팔로우
1890,자연눈썹
1891,강아지
1892,헬스
1893,좋아요구매
1894,팔로워구매
1895,눈썹문신
1896,강남눈썹문신
1897,감성카페
1898,팔로워늘리기
1899,좋테
1900,좋반
1901,좋아요반사
1902,맞팔
1903,선팔맞팔
1904,소개계정맞팔
1905,팔로워판매
1906,좋아요판매
1907,첫줄반사
1908,첫줄
1909,협찬
1910,코로나
1911,가로수길
1912,속눈썹
1913,마스크
1914,오늘의훈녀
1915,오늘의훈남
1916,셀스타그램
1917,눈썹반영구
1918,홍대
1919,팔로우
1920,자연눈썹
1921,강아지
1922,헬스
1923,좋아요구매
1924,팔로워구매
1925,눈썹문신
1926,강남눈썹문신
1927,감성카페
1928,팔로워늘리기
1929,좋테
1930,좋반
1931,좋아요반사
1932,맞팔
1933,선팔맞팔
1934,소개계정맞팔
1935,팔로워판매
1936,좋아요판매
1937,첫줄반사
1938,첫줄
1939,협찬
1940,코로나
1941,가로수길
1942,속눈썹
1943,마스크
1944,오늘의훈녀
1945,오늘의훈남
1946,셀스타그램
1947,눈썹반영구
1948,홍대
1949,팔로우
1950,자연눈썹
1951,노인
1952,행복
1953,노인복지관
1954,코로나
1955,평촌
1956,20만원의
1957,반신욕안마의자
1958,어버이날
1959,강아지
1960,헬스
1961,좋아요구매
1962,팔로워구매
1963,눈썹문신
1964,강남눈썹문신
1965,감성카페
1966,팔로워늘리기
1967,좋테
1968,좋반
1969,좋아요반사
1970,맞팔
1971,선팔맞팔
1972,소개계정맞팔
1973,팔로워판매
1974,좋아요판매
1975,첫줄반사
1976,첫줄
1977,협찬
1978,코로나
1979,가로수길
1980,속눈썹
1981,마스크
1982,오늘의훈녀
1983,오늘의훈남
1984,셀스타그램
1985,눈썹반영구
1986,홍대
1987,팔로우
1988,자연눈썹
1989,강아지
1990,헬스
1991,좋아요구매
1992,팔로워구매
1993,눈썹문신
1994,강남눈썹문신
1995,감성카페
1996,팔로워늘리기
1997,좋테
1998,좋반
1999,좋아요반사
2000,맞팔
2001,선팔맞팔
2002,소개계정맞팔
2003,팔로워판매
2004,좋아요판매
2005,첫줄반사
2006,첫줄
2007,협찬
2008,코로나
2009,가로수길
2010,속눈썹
2011,마스크
2012,오늘의훈녀
2013,오늘의훈남
2014,셀스타그램
2015,눈썹반영구
2016,홍대
2017,팔로우
2018,자연눈썹
2019,강아지
2020,헬스
2021,좋아요구매
2022,팔로워구매
2023,눈썹문신
2024,강남눈썹문신
2025,감성카페
2026,팔로워늘리기
2027,좋테
2028,좋반
2029,좋아요반사
2030,맞팔
2031,선팔맞팔
2032,소개계정맞팔
2033,팔로워판매
2034,좋아요판매
2035,첫줄반사
2036,첫줄
2037,협찬
2038,코로나
2039,가로수길
2040,속눈썹
2041,마스크
2042,오늘의훈녀
2043,오늘의훈남
2044,셀스타그램
2045,눈썹반영구
2046,홍대
2047,팔로우
2048,자연눈썹
2049,코로나
2050,협찬
2051,오늘의훈녀
2052,오늘의훈남
2053,헬스
2054,첫줄반사
2055,좋아요반사
2056,눈썹반영구
2057,팔로워늘리기
2058,팔로워판매
2059,인스타마케팅
2060,네일아트
2061,소개계정맞팔
2062,20대
2063,데이트
2064,다이어트
2065,팔로워
2066,패션스타그램
2067,데일리룩
2068,부계교환
2069,커플
2070,운동스타그램
2071,코로나
2072,코로나19
2073,델타
2074,코로나확진
2075,휴
2076,후유증
2077,그저한숨만
2078,고통스럽다
2079,체력바닥
2080,강아지
2081,헬스
2082,좋아요구매
2083,팔로워구매
2084,눈썹문신
2085,강남눈썹문신
2086,감성카페
2087,팔로워늘리기
2088,좋테
2089,좋반
2090,좋아요반사
2091,맞팔
2092,선팔맞팔
2093,소개계정맞팔
2094,팔로워판매
2095,좋아요판매
2096,첫줄반사
2097,첫줄
2098,협찬
2099,코로나
2100,가로수길
2101,속눈썹
2102,마스크
2103,오늘의훈녀
2104,오늘의훈남
2105,셀스타그램
2106,눈썹반영구
2107,홍대
2108,팔로우
2109,자연눈썹
2110,강아지
2111,헬스
2112,좋아요구매
2113,팔로워구매
2114,눈썹문신
2115,강남눈썹문신
2116,감성카페
2117,팔로워늘리기
2118,좋테
2119,좋반
2120,좋아요반사
2121,맞팔
2122,선팔맞팔
2123,소개계정맞팔
2124,팔로워판매
2125,좋아요판매
2126,첫줄반사
2127,첫줄
2128,협찬
2129,코로나
2130,가로수길
2131,속눈썹
2132,마스크
2133,오늘의훈녀
2134,오늘의훈남
2135,셀스타그램
2136,눈썹반영구
2137,홍대
2138,팔로우
2139,자연눈썹
2140,강아지
2141,헬스
2142,좋아요구매
2143,팔로워구매
2144,눈썹문신
2145,강남눈썹문신
2146,감성카페
2147,팔로워늘리기
2148,좋테
2149,좋반
2150,좋아요반사
2151,맞팔
2152,선팔맞팔
2153,소개계정맞팔
2154,팔로워판매
2155,좋아요판매
2156,첫줄반사
2157,첫줄
2158,협찬
2159,코로나
2160,가로수길
2161,속눈썹
2162,마스크
2163,오늘의훈녀
2164,오늘의훈남
2165,셀스타그램
2166,눈썹반영구
2167,홍대
2168,팔로우
2169,자연눈썹
2170,강아지
2171,헬스
2172,좋아요구매
2173,팔로워구매
2174,눈썹문신
2175,강남눈썹문신
2176,감성카페
2177,팔로워늘리기
2178,좋테
2179,좋반
2180,좋아요반사
2181,맞팔
2182,선팔맞팔
2183,소개계정맞팔
2184,팔로워판매
2185,좋아요판매
2186,첫줄반사
2187,첫줄
2188,협찬
2189,코로나
2190,가로수길
2191,속눈썹
2192,마스크
2193,오늘의훈녀
2194,오늘의훈남
2195,셀스타그램
2196,눈썹반영구
2197,홍대
2198,팔로우
2199,자연눈썹
2200,강아지
2201,헬스
2202,좋아요구매
2203,팔로워구매
2204,눈썹문신
2205,강남눈썹문신
2206,감성카페
2207,팔로워늘리기
2208,좋테
2209,좋반
2210,좋아요반사
2211,맞팔
2212,선팔맞팔
2213,소개계정맞팔
2214,팔로워판매
2215,좋아요판매
2216,첫줄반사
2217,첫줄
2218,협찬
2219,코로나
2220,가로수길
2221,속눈썹
2222,마스크
2223,오늘의훈녀
2224,오늘의훈남
2225,셀스타그램
2226,눈썹반영구
2227,홍대
2228,팔로우
2229,자연눈썹
2230,강아지
2231,헬스
2232,좋아요구매
2233,팔로워구매
2234,눈썹문신
2235,강남눈썹문신
2236,감성카페
2237,팔로워늘리기
2238,좋테
2239,좋반
2240,좋아요반사
2241,맞팔
2242,선팔맞팔
2243,소개계정맞팔
2244,팔로워판매
2245,좋아요판매
2246,첫줄반사
2247,첫줄
2248,협찬
2249,코로나
2250,가로수길
2251,속눈썹
2252,마스크
2253,오늘의훈녀
2254,오늘의훈남
2255,셀스타그램
2256,눈썹반영구
2257,홍대
2258,팔로우
2259,자연눈썹
2260,강아지
2261,헬스
2262,좋아요구매
2263,팔로워구매
2264,눈썹문신
2265,강남눈썹문신
2266,감성카페
2267,팔로워늘리기
2268,좋테
2269,좋반
2270,좋아요반사
2271,맞팔
2272,선팔맞팔
2273,소개계정맞팔
2274,팔로워판매
2275,좋아요판매
2276,첫줄반사
2277,첫줄
2278,협찬
2279,코로나
2280,가로수길
2281,속눈썹
2282,마스크
2283,오늘의훈녀
2284,오늘의훈남
2285,셀스타그램
2286,눈썹반영구
2287,홍대
2288,팔로우
2289,자연눈썹
2290,좋테
2291,좋반
2292,좋아요반사
2293,맞팔
2294,선팔맞팔
2295,소개계정맞팔
2296,팔로워판매
2297,좋아요판매
2298,첫줄반사
2299,첫줄
2300,협찬
2301,코로나
2302,속눈썹
2303,마스크
2304,오늘의훈녀
2305,오늘의훈남
2306,셀스타그램
2307,강아지
2308,헬스
2309,좋아요구매
2310,팔로워구매
2311,눈썹문신
2312,강남눈썹문신
2313,감성카페
2314,좋테
2315,좋반
2316,좋아요반사
2317,맞팔
2318,선팔맞팔
2319,소개계정맞팔
2320,팔로워판매
2321,좋아요판매
2322,첫줄반사
2323,첫줄
2324,협찬
2325,코로나
2326,속눈썹
2327,마스크
2328,오늘의훈녀
2329,오늘의훈남
2330,셀스타그램
2331,강아지
2332,헬스
2333,좋아요구매
2334,팔로워구매
2335,눈썹문신
2336,강남눈썹문신
2337,감성카페
2338,좋테
2339,좋반
2340,좋아요반사
2341,맞팔
2342,선팔맞팔
2343,소개계정맞팔
2344,팔로워판매
2345,좋아요판매
2346,첫줄반사
2347,첫줄
2348,협찬
2349,코로나
2350,속눈썹
2351,마스크
2352,오늘의훈녀
2353,오늘의훈남
2354,셀스타그램
2355,강아지
2356,헬스
2357,좋아요구매
2358,팔로워구매
2359,눈썹문신
2360,강남눈썹문신
2361,감성카페
2362,앞머리
2363,코로나
2364,마스크
2365,나이먹기싫어요
2366,좋테
2367,좋반
2368,좋아요반사
2369,맞팔
2370,선팔맞팔
2371,소개계정맞팔
2372,팔로워판매
2373,좋아요판매
2374,첫줄반사
2375,첫줄
2376,협찬
2377,코로나
2378,속눈썹
2379,마스크
2380,오늘의훈녀
2381,오늘의훈남
2382,셀스타그램
2383,강아지
2384,헬스
2385,좋아요구매
2386,팔로워구매
2387,눈썹문신
2388,강남눈썹문신
2389,감성카페
2390,좋테
2391,좋반
2392,좋아요반사
2393,맞팔
2394,선팔맞팔
2395,소개계정맞팔
2396,팔로워판매
2397,좋아요판매
2398,첫줄반사
2399,첫줄
2400,협찬
2401,코로나
2402,속눈썹
2403,마스크
2404,오늘의훈녀
2405,오늘의훈남
2406,셀스타그램
2407,강아지
2408,헬스
2409,좋아요구매
2410,팔로워구매
2411,눈썹문신
2412,강남눈썹문신
2413,감성카페
2414,좋테
2415,좋반
2416,좋아요반사
2417,맞팔
2418,선팔맞팔
2419,소개계정맞팔
2420,팔로워판매
2421,좋아요판매
2422,첫줄반사
2423,첫줄
2424,협찬
2425,코로나
2426,속눈썹
2427,마스크
2428,오늘의훈녀
2429,오늘의훈남
2430,셀스타그램
2431,강아지
2432,헬스
2433,좋아요구매
2434,팔로워구매
2435,눈썹문신
2436,강남눈썹문신
2437,감성카페
2438,코로나
2439,협찬
2440,오늘의훈녀
2441,오늘의훈남
2442,헬스
2443,첫줄반사
2444,좋아요반사
2445,눈썹반영구
2446,팔로워늘리기
2447,팔로워판매
2448,인스타마케팅
2449,네일아트
2450,소개계정맞팔
2451,20대
2452,데이트
2453,다이어트
2454,팔로워
2455,패션스타그램
2456,데일리룩
2457,부계교환
2458,커플
2459,운동스타그램
2460,성경말씀
2461,큐티
2462,황태곰탕
2463,건강식
2464,환자식
2465,맛집
2466,해장
2467,황태국
2468,코로나극복
2469,코로나음식
2470,코로나
2471,부모님식사
2472,아이식사
2473,가족식
2474,크리스챤
2475,주말
2476,오운완
2477,코로나
2478,확진자
2479,코로나
2480,韓国の今の状況です
2481,루나쇼
2482,동탄
2483,호수
2484,공원에
2485,모인
2486,엄청난
2487,인파들
2488,이
2489,정도
2490,인원은
2491,정말
2492,오랫만에
2493,보는듯
2494,굿바이
2495,코로나
2496,느낌
2497,근데
2498,이정도로
2499,몰릴
2500,정도의
2501,행사는
2502,사람
2503,구경
2504,지데로
2505,좋테
2506,좋반
2507,좋아요반사
2508,맞팔
2509,선팔맞팔
2510,소개계정맞팔
2511,팔로워판매
2512,좋아요판매
2513,첫줄반사
2514,첫줄
2515,협찬
2516,코로나
2517,속눈썹
2518,마스크
2519,오늘의훈녀
2520,오늘의훈남
2521,셀스타그램
2522,강아지
2523,헬스
2524,좋아요구매
2525,팔로워구매
2526,눈썹문신
2527,강남눈썹문신
2528,감성카페
2529,좋테
2530,좋반
2531,좋아요반사
2532,맞팔
2533,선팔맞팔
2534,소개계정맞팔
2535,팔로워판매
2536,좋아요판매
2537,첫줄반사
2538,첫줄
2539,협찬
2540,코로나
2541,속눈썹
2542,마스크
2543,오늘의훈녀
2544,오늘의훈남
2545,셀스타그램
2546,강아지
2547,헬스
2548,좋아요구매
2549,팔로워구매
2550,눈썹문신
2551,강남눈썹문신
2552,감성카페
2553,좋테
2554,좋반
2555,좋아요반사
2556,맞팔
2557,선팔맞팔
2558,소개계정맞팔
2559,팔로워판매
2560,좋아요판매
2561,첫줄반사
2562,첫줄
2563,협찬
2564,코로나
2565,속눈썹
2566,마스크
2567,오늘의훈녀
2568,오늘의훈남
2569,셀스타그램
2570,강아지
2571,헬스
2572,좋아요구매
2573,팔로워구매
2574,눈썹문신
2575,강남눈썹문신
2576,감성카페
2577,좋테
2578,좋반
2579,좋아요반사
2580,맞팔
2581,선팔맞팔
2582,소개계정맞팔
2583,팔로워판매
2584,좋아요판매
2585,첫줄반사
2586,첫줄
2587,협찬
2588,코로나
2589,속눈썹
2590,마스크
2591,오늘의훈녀
2592,오늘의훈남
2593,셀스타그램
2594,강아지
2595,헬스
2596,좋아요구매
2597,팔로워구매
2598,눈썹문신
2599,강남눈썹문신
2600,감성카페
2601,좋테
2602,좋반
2603,좋아요반사
2604,맞팔
2605,선팔맞팔
2606,소개계정맞팔
2607,팔로워판매
2608,좋아요판매
2609,첫줄반사
2610,첫줄
2611,협찬
2612,코로나
2613,속눈썹
2614,마스크
2615,오늘의훈녀
2616,오늘의훈남
2617,셀스타그램
2618,강아지
2619,헬스
2620,좋아요구매
2621,팔로워구매
2622,눈썹문신
2623,강남눈썹문신
2624,감성카페
2625,좋테
2626,좋반
2627,좋아요반사
2628,맞팔
2629,선팔맞팔
2630,소개계정맞팔
2631,팔로워판매
2632,좋아요판매
2633,첫줄반사
2634,첫줄
2635,협찬
2636,코로나
2637,속눈썹
2638,마스크
2639,오늘의훈녀
2640,오늘의훈남
2641,셀스타그램
2642,강아지
2643,헬스
2644,좋아요구매
2645,팔로워구매
2646,눈썹문신
2647,강남눈썹문신
2648,감성카페
2649,좋테
2650,좋반
2651,좋아요반사
2652,맞팔
2653,선팔맞팔
2654,소개계정맞팔
2655,팔로워판매
2656,좋아요판매
2657,첫줄반사
2658,첫줄
2659,협찬
2660,코로나
2661,속눈썹
2662,마스크
2663,오늘의훈녀
2664,오늘의훈남
2665,셀스타그램
2666,강아지
2667,헬스
2668,좋아요구매
2669,팔로워구매
2670,눈썹문신
2671,강남눈썹문신
2672,감성카페
2673,좋테
2674,좋반
2675,좋아요반사
2676,맞팔
2677,선팔맞팔
2678,소개계정맞팔
2679,팔로워판매
2680,좋아요판매
2681,첫줄반사
2682,첫줄
2683,협찬
2684,코로나
2685,속눈썹
2686,마스크
2687,오늘의훈녀
2688,오늘의훈남
2689,셀스타그램
2690,강아지
2691,헬스
2692,좋아요구매
2693,팔로워구매
2694,눈썹문신
2695,강남눈썹문신
2696,감성카페
2697,좋테
2698,좋반
2699,좋아요반사
2700,맞팔
2701,선팔맞팔
2702,소개계정맞팔
2703,팔로워판매
2704,좋아요판매
2705,첫줄반사
2706,첫줄
2707,협찬
2708,코로나
2709,속눈썹
2710,마스크
2711,오늘의훈녀
2712,오늘의훈남
2713,셀스타그램
2714,강아지
2715,헬스
2716,좋아요구매
2717,팔로워구매
2718,눈썹문신
2719,강남눈썹문신
2720,감성카페
2721,코로나
2722,협찬
2723,오늘의훈녀
2724,오늘의훈남
2725,헬스
2726,첫줄반사
2727,좋아요반사
2728,눈썹반영구
2729,팔로워늘리기
2730,팔로워판매
2731,인스타마케팅
2732,네일아트
2733,소개계정맞팔
2734,20대
2735,데이트
2736,다이어트
2737,팔로워
2738,패션스타그램
2739,데일리룩
2740,부계교환
2741,커플
2742,운동스타그램
2743,좋테
2744,좋반
2745,좋아요반사
2746,맞팔
2747,선팔맞팔
2748,소개계정맞팔
2749,팔로워판매
2750,좋아요판매
2751,첫줄반사
2752,첫줄
2753,협찬
2754,코로나
2755,속눈썹
2756,마스크
2757,오늘의훈녀
2758,오늘의훈남
2759,셀스타그램
2760,강아지
2761,헬스
2762,좋아요구매
2763,팔로워구매
2764,눈썹문신
2765,강남눈썹문신
2766,감성카페
2767,좋테
2768,좋반
2769,좋아요반사
2770,맞팔
2771,선팔맞팔
2772,소개계정맞팔
2773,팔로워판매
2774,좋아요판매
2775,첫줄반사
2776,첫줄
2777,협찬
2778,코로나
2779,속눈썹
2780,마스크
2781,오늘의훈녀
2782,오늘의훈남
2783,셀스타그램
2784,강아지
2785,헬스
2786,좋아요구매
2787,팔로워구매
2788,눈썹문신
2789,강남눈썹문신
2790,감성카페
2791,좋테
2792,좋반
2793,좋아요반사
2794,맞팔
2795,선팔맞팔
2796,소개계정맞팔
2797,팔로워판매
2798,좋아요판매
2799,첫줄반사
2800,첫줄
2801,협찬
2802,코로나
2803,속눈썹
2804,마스크
2805,오늘의훈녀
2806,오늘의훈남
2807,셀스타그램
2808,강아지
2809,헬스
2810,좋아요구매
2811,팔로워구매
2812,눈썹문신
2813,강남눈썹문신
2814,감성카페
2815,소원을
2816,장거리
2817,서피비치
2818,바운스
2819,코로나
2820,오늘만사는거
2821,여름밤바다
2822,정기사운전해
2823,좋테
2824,좋반
2825,좋아요반사
2826,맞팔
2827,선팔맞팔
2828,소개계정맞팔
2829,팔로워판매
2830,좋아요판매
2831,첫줄반사
2832,첫줄
2833,협찬
2834,코로나
2835,속눈썹
2836,마스크
2837,오늘의훈녀
2838,오늘의훈남
2839,셀스타그램
2840,강아지
2841,헬스
2842,좋아요구매
2843,팔로워구매
2844,눈썹문신
2845,강남눈썹문신
2846,감성카페
2847,좋테
2848,좋반
2849,좋아요반사
2850,맞팔
2851,선팔맞팔
2852,소개계정맞팔
2853,팔로워판매
2854,좋아요판매
2855,첫줄반사
2856,첫줄
2857,협찬
2858,코로나
2859,속눈썹
2860,마스크
2861,오늘의훈녀
2862,오늘의훈남
2863,셀스타그램
2864,강아지
2865,헬스
2866,좋아요구매
2867,팔로워구매
2868,눈썹문신
2869,강남눈썹문신
2870,감성카페
2871,인큐텐
2872,유니크패밀리
2873,박진희
2874,이영하
2875,국상현
2876,네트워크마케팅
2877,회원직접판매
2878,다이아몬드
2879,로얄크라운다이아몬드
2880,수용화커큐민
2881,텐큐민S플러스
2882,커큐민
2883,항염
2884,항암
2885,바이러스
2886,면역
2887,코로나
2888,강황
2889,치매
2890,닥터큐민오리진
2891,한국생명공학연구원
2892,이우송박사님
2893,암웨이
2894,애터미
2895,피엠
2896,뉴스킨
2897,허벌라이프
2898,유사나
2899,시너지
2900,유니시티
2901,좋테
2902,좋반
2903,좋아요반사
2904,맞팔
2905,선팔맞팔
2906,소개계정맞팔
2907,팔로워판매
2908,좋아요판매
2909,첫줄반사
2910,첫줄
2911,협찬
2912,코로나
2913,속눈썹
2914,마스크
2915,오늘의훈녀
2916,오늘의훈남
2917,셀스타그램
2918,강아지
2919,헬스
2920,좋아요구매
2921,팔로워구매
2922,눈썹문신
2923,강남눈썹문신
2924,감성카페
2925,코로나
2926,협찬
2927,오늘의훈녀
2928,오늘의훈남
2929,헬스
2930,첫줄반사
2931,좋아요반사
2932,눈썹반영구
2933,팔로워늘리기
2934,팔로워판매
2935,인스타마케팅
2936,네일아트
2937,소개계정맞팔
2938,20대
2939,데이트
2940,다이어트
2941,팔로워
2942,패션스타그램
2943,데일리룩
2944,부계교환
2945,커플
2946,운동스타그램
2947,좋테
2948,좋반
2949,좋아요반사
2950,맞팔
2951,선팔맞팔
2952,소개계정맞팔
2953,팔로워판매
2954,좋아요판매
2955,첫줄반사
2956,첫줄
2957,협찬
2958,코로나
2959,속눈썹
2960,마스크
2961,오늘의훈녀
2962,오늘의훈남
2963,셀스타그램
2964,강아지
2965,헬스
2966,좋아요구매
2967,팔로워구매
2968,눈썹문신
2969,강남눈썹문신
2970,감성카페
2971,코로나
2972,협찬
2973,오늘의훈녀
2974,오늘의훈남
2975,헬스
2976,첫줄반사
2977,좋아요반사
2978,눈썹반영구
2979,팔로워늘리기
2980,팔로워판매
2981,인스타마케팅
2982,네일아트
2983,소개계정맞팔
2984,20대
2985,데이트
2986,다이어트
2987,팔로워
2988,패션스타그램
2989,데일리룩
2990,부계교환
2991,커플
2992,운동스타그램
2993,좋테
2994,좋반
2995,좋아요반사
2996,맞팔
2997,선팔맞팔
2998,소개계정맞팔
2999,팔로워판매
3000,좋아요판매
3001,첫줄반사
3002,첫줄
3003,협찬
3004,코로나
3005,속눈썹
3006,마스크
3007,오늘의훈녀
3008,오늘의훈남
3009,셀스타그램
3010,강아지
3011,헬스
3012,좋아요구매
3013,팔로워구매
3014,눈썹문신
3015,강남눈썹문신
3016,감성카페
3017,코로나
3018,협찬
3019,오늘의훈녀
3020,오늘의훈남
3021,헬스
3022,첫줄반사
3023,좋아요반사
3024,눈썹반영구
3025,팔로워늘리기
3026,팔로워판매
3027,인스타마케팅
3028,네일아트
3029,소개계정맞팔
3030,20대
3031,데이트
3032,다이어트
3033,팔로워
3034,패션스타그램
3035,데일리룩
3036,부계교환
3037,커플
3038,운동스타그램
3039,좋테
3040,좋반
3041,좋아요반사
3042,맞팔
3043,선팔맞팔
3044,소개계정맞팔
3045,팔로워판매
3046,좋아요판매
3047,첫줄반사
3048,첫줄
3049,협찬
3050,코로나
3051,속눈썹
3052,마스크
3053,오늘의훈녀
3054,오늘의훈남
3055,셀스타그램
3056,강아지
3057,헬스
3058,좋아요구매
3059,팔로워구매
3060,눈썹문신
3061,강남눈썹문신
3062,감성카페
3063,일상툰
3064,코로나
3065,인스타툰
3066,만화
3067,코로나
3068,바람이머물다
3069,경주한옥게스트하우스
3070,풍정게스트하우스
3071,좋테
3072,좋반
3073,좋아요반사
3074,맞팔
3075,선팔맞팔
3076,소개계정맞팔
3077,팔로워판매
3078,좋아요판매
3079,첫줄반사
3080,첫줄
3081,협찬
3082,코로나
3083,속눈썹
3084,마스크
3085,오늘의훈녀
3086,오늘의훈남
3087,셀스타그램
3088,강아지
3089,헬스
3090,좋아요구매
3091,팔로워구매
3092,눈썹문신
3093,강남눈썹문신
3094,감성카페
3095,좋테
3096,좋반
3097,좋아요반사
3098,맞팔
3099,선팔맞팔
3100,소개계정맞팔
3101,팔로워판매
3102,좋아요판매
3103,첫줄반사
3104,첫줄
3105,협찬
3106,코로나
3107,속눈썹
3108,마스크
3109,오늘의훈녀
3110,오늘의훈남
3111,셀스타그램
3112,강아지
3113,헬스
3114,좋아요구매
3115,팔로워구매
3116,눈썹문신
3117,강남눈썹문신
3118,감성카페
3119,코로나
3120,협찬
3121,오늘의훈녀
3122,오늘의훈남
3123,헬스
3124,첫줄반사
3125,좋아요반사
3126,눈썹반영구
3127,팔로워늘리기
3128,팔로워판매
3129,인스타마케팅
3130,네일아트
3131,소개계정맞팔
3132,20대
3133,데이트
3134,다이어트
3135,팔로워
3136,패션스타그램
3137,데일리룩
3138,부계교환
3139,커플
3140,운동스타그램
3141,좋테
3142,좋반
3143,좋아요반사
3144,맞팔
3145,선팔맞팔
3146,소개계정맞팔
3147,팔로워판매
3148,좋아요판매
3149,첫줄반사
3150,첫줄
3151,협찬
3152,코로나
3153,속눈썹
3154,마스크
3155,오늘의훈녀
3156,오늘의훈남
3157,셀스타그램
3158,강아지
3159,헬스
3160,좋아요구매
3161,팔로워구매
3162,눈썹문신
3163,강남눈썹문신
3164,감성카페
3165,좋테
3166,좋반
3167,좋아요반사
3168,맞팔
3169,선팔맞팔
3170,소개계정맞팔
3171,팔로워판매
3172,좋아요판매
3173,첫줄반사
3174,첫줄
3175,협찬
3176,코로나
3177,속눈썹
3178,마스크
3179,오늘의훈녀
3180,오늘의훈남
3181,셀스타그램
3182,강아지
3183,헬스
3184,좋아요구매
3185,팔로워구매
3186,눈썹문신
3187,강남눈썹문신
3188,감성카페
3189,좋테
3190,좋반
3191,좋아요반사
3192,맞팔
3193,선팔맞팔
3194,소개계정맞팔
3195,팔로워판매
3196,좋아요판매
3197,첫줄반사
3198,첫줄
3199,협찬
3200,코로나
3201,속눈썹
3202,마스크
3203,오늘의훈녀
3204,오늘의훈남
3205,셀스타그램
3206,강아지
3207,헬스
3208,좋아요구매
3209,팔로워구매
3210,눈썹문신
3211,강남눈썹문신
3212,감성카페
3213,좋테
3214,좋반
3215,좋아요반사
3216,맞팔
3217,선팔맞팔
3218,소개계정맞팔
3219,팔로워판매
3220,좋아요판매
3221,첫줄반사
3222,첫줄
3223,협찬
3224,코로나
3225,속눈썹
3226,마스크
3227,오늘의훈녀
3228,오늘의훈남
3229,셀스타그램
3230,강아지
3231,헬스
3232,좋아요구매
3233,팔로워구매
3234,눈썹문신
3235,강남눈썹문신
3236,감성카페
3237,좋테
3238,좋반
3239,좋아요반사
3240,맞팔
3241,선팔맞팔
3242,소개계정맞팔
3243,팔로워판매
3244,좋아요판매
3245,첫줄반사
3246,첫줄
3247,협찬
3248,코로나
3249,속눈썹
3250,마스크
3251,오늘의훈녀
3252,오늘의훈남
3253,셀스타그램
3254,강아지
3255,헬스
3256,좋아요구매
3257,팔로워구매
3258,눈썹문신
3259,강남눈썹문신
3260,감성카페
3261,좋테
3262,좋반
3263,좋아요반사
3264,맞팔
3265,선팔맞팔
3266,소개계정맞팔
3267,팔로워판매
3268,좋아요판매
3269,첫줄반사
3270,첫줄
3271,협찬
3272,코로나
3273,속눈썹
3274,마스크
3275,오늘의훈녀
3276,오늘의훈남
3277,셀스타그램
3278,강아지
3279,헬스
3280,좋아요구매
3281,팔로워구매
3282,눈썹문신
3283,강남눈썹문신
3284,감성카페
3285,좋테
3286,좋반
3287,좋아요반사
3288,맞팔
3289,선팔맞팔
3290,소개계정맞팔
3291,팔로워판매
3292,좋아요판매
3293,첫줄반사
3294,첫줄
3295,협찬
3296,코로나
3297,속눈썹
3298,마스크
3299,오늘의훈녀
3300,오늘의훈남
3301,셀스타그램
3302,강아지
3303,헬스
3304,좋아요구매
3305,팔로워구매
3306,눈썹문신
3307,강남눈썹문신
3308,감성카페
3309,코로나
3310,협찬
3311,오늘의훈녀
3312,오늘의훈남
3313,헬스
3314,첫줄반사
3315,좋아요반사
3316,눈썹반영구
3317,팔로워늘리기
3318,팔로워판매
3319,인스타마케팅
3320,네일아트
3321,소개계정맞팔
3322,20대
3323,데이트
3324,다이어트
3325,팔로워
3326,패션스타그램
3327,데일리룩
3328,부계교환
3329,커플
3330,운동스타그램
3331,코로나
3332,협찬
3333,오늘의훈녀
3334,오늘의훈남
3335,헬스
3336,첫줄반사
3337,좋아요반사
3338,눈썹반영구
3339,팔로워늘리기
3340,팔로워판매
3341,인스타마케팅
3342,네일아트
3343,소개계정맞팔
3344,20대
3345,데이트
3346,다이어트
3347,팔로워
3348,패션스타그램
3349,데일리룩
3350,부계교환
3351,커플
3352,운동스타그램
3353,팔로워늘리기
3354,맞팔환영
3355,첫줄
3356,좋아요반사
3357,좋아요테러
3358,부계교환
3359,팔로워판매
3360,맞팔
3361,코로나
3362,인스타팔로워
3363,인스타좋아요
3364,좋반
3365,패션
3366,첫줄반사
3367,선팔맞팔
3368,데일리룩
3369,소개계정맞팔
3370,인기게시물
3371,데일리
3372,셀피
3373,인스타좋아요늘리기
3374,협찬
3375,팔로우늘리기
3376,눈썹반영구
3377,가로수길
3378,선팔하면맞팔
3379,팔로워구매
3380,한국인팔로워
3381,타투
3382,자연눈썹
3383,좋테
3384,좋반
3385,좋아요반사
3386,맞팔
3387,선팔맞팔
3388,소개계정맞팔
3389,팔로워판매
3390,좋아요판매
3391,첫줄반사
3392,첫줄
3393,협찬
3394,코로나
3395,속눈썹
3396,마스크
3397,오늘의훈녀
3398,오늘의훈남
3399,셀스타그램
3400,강아지
3401,헬스
3402,좋아요구매
3403,팔로워구매
3404,눈썹문신
3405,강남눈썹문신
3406,감성카페
3407,좋테
3408,좋반
3409,좋아요반사
3410,맞팔
3411,선팔맞팔
3412,소개계정맞팔
3413,팔로워판매
3414,좋아요판매
3415,첫줄반사
3416,첫줄
3417,협찬
3418,코로나
3419,속눈썹
3420,마스크
3421,오늘의훈녀
3422,오늘의훈남
3423,셀스타그램
3424,강아지
3425,헬스
3426,좋아요구매
3427,팔로워구매
3428,눈썹문신
3429,강남눈썹문신
3430,감성카페
3431,팔로워늘리기
3432,맞팔환영
3433,첫줄
3434,좋아요반사
3435,좋아요테러
3436,부계교환
3437,팔로워판매
3438,맞팔
3439,코로나
3440,인스타팔로워
3441,인스타좋아요
3442,좋반
3443,패션
3444,첫줄반사
3445,선팔맞팔
3446,데일리룩
3447,소개계정맞팔
3448,인기게시물
3449,데일리
3450,셀피
3451,인스타좋아요늘리기
3452,협찬
3453,팔로우늘리기
3454,눈썹반영구
3455,가로수길
3456,선팔하면맞팔
3457,팔로워구매
3458,한국인팔로워
3459,타투
3460,자연눈썹
3461,좋테
3462,좋반
3463,좋아요반사
3464,맞팔
3465,선팔맞팔
3466,소개계정맞팔
3467,팔로워판매
3468,좋아요판매
3469,첫줄반사
3470,첫줄
3471,협찬
3472,코로나
3473,속눈썹
3474,마스크
3475,오늘의훈녀
3476,오늘의훈남
3477,셀스타그램
3478,강아지
3479,헬스
3480,좋아요구매
3481,팔로워구매
3482,눈썹문신
3483,강남눈썹문신
3484,감성카페
3485,좋테
3486,좋반
3487,좋아요반사
3488,맞팔
3489,선팔맞팔
3490,소개계정맞팔
3491,팔로워판매
3492,좋아요판매
3493,첫줄반사
3494,첫줄
3495,협찬
3496,코로나
3497,속눈썹
3498,마스크
3499,오늘의훈녀
3500,오늘의훈남
3501,셀스타그램
3502,강아지
3503,헬스
3504,좋아요구매
3505,팔로워구매
3506,눈썹문신
3507,강남눈썹문신
3508,감성카페
3509,팔로워늘리기
3510,맞팔환영
3511,첫줄
3512,좋아요반사
3513,좋아요테러
3514,부계교환
3515,팔로워판매
3516,맞팔
3517,코로나
3518,인스타팔로워
3519,인스타좋아요
3520,좋반
3521,패션
3522,첫줄반사
3523,선팔맞팔
3524,데일리룩
3525,소개계정맞팔
3526,인기게시물
3527,데일리
3528,셀피
3529,인스타좋아요늘리기
3530,협찬
3531,팔로우늘리기
3532,눈썹반영구
3533,가로수길
3534,선팔하면맞팔
3535,팔로워구매
3536,한국인팔로워
3537,타투
3538,자연눈썹
3539,좋테
3540,좋반
3541,좋아요반사
3542,맞팔
3543,선팔맞팔
3544,소개계정맞팔
3545,팔로워판매
3546,좋아요판매
3547,첫줄반사
3548,첫줄
3549,협찬
3550,코로나
3551,속눈썹
3552,마스크
3553,오늘의훈녀
3554,오늘의훈남
3555,셀스타그램
3556,강아지
3557,헬스
3558,좋아요구매
3559,팔로워구매
3560,눈썹문신
3561,강남눈썹문신
3562,감성카페
3563,팔로워늘리기
3564,맞팔환영
3565,첫줄
3566,좋아요반사
3567,좋아요테러
3568,부계교환
3569,팔로워판매
3570,맞팔
3571,코로나
3572,인스타팔로워
3573,인스타좋아요
3574,좋반
3575,패션
3576,첫줄반사
3577,선팔맞팔
3578,데일리룩
3579,소개계정맞팔
3580,인기게시물
3581,데일리
3582,셀피
3583,인스타좋아요늘리기
3584,협찬
3585,팔로우늘리기
3586,눈썹반영구
3587,가로수길
3588,선팔하면맞팔
3589,팔로워구매
3590,한국인팔로워
3591,타투
3592,자연눈썹
3593,팔로워늘리기
3594,맞팔환영
3595,첫줄
3596,좋아요반사
3597,좋아요테러
3598,부계교환
3599,팔로워판매
3600,맞팔
3601,코로나
3602,인스타팔로워
3603,인스타좋아요
3604,좋반
3605,패션
3606,첫줄반사
3607,선팔맞팔
3608,데일리룩
3609,소개계정맞팔
3610,인기게시물
3611,데일리
3612,셀피
3613,인스타좋아요늘리기
3614,협찬
3615,팔로우늘리기
3616,눈썹반영구
3617,가로수길
3618,선팔하면맞팔
3619,팔로워구매
3620,한국인팔로워
3621,타투
3622,자연눈썹
3623,강아지
3624,헬스
3625,좋아요구매
3626,팔로워구매
3627,눈썹문신
3628,강남눈썹문신
3629,감성카페
3630,팔로워늘리기
3631,좋테
3632,좋반
3633,좋아요반사
3634,맞팔
3635,선팔맞팔
3636,소개계정맞팔
3637,팔로워판매
3638,좋아요판매
3639,첫줄반사
3640,첫줄
3641,협찬
3642,코로나
3643,가로수길
3644,속눈썹
3645,마스크
3646,오늘의훈녀
3647,오늘의훈남
3648,셀스타그램
3649,눈썹반영구
3650,홍대
3651,팔로우
3652,자연눈썹
3653,팔로워늘리기
3654,맞팔환영
3655,첫줄
3656,좋아요반사
3657,좋아요테러
3658,부계교환
3659,팔로워판매
3660,맞팔
3661,코로나
3662,인스타팔로워
3663,인스타좋아요
3664,좋반
3665,패션
3666,첫줄반사
3667,선팔맞팔
3668,데일리룩
3669,소개계정맞팔
3670,인기게시물
3671,데일리
3672,셀피
3673,인스타좋아요늘리기
3674,협찬
3675,팔로우늘리기
3676,눈썹반영구
3677,가로수길
3678,선팔하면맞팔
3679,팔로워구매
3680,한국인팔로워
3681,타투
3682,자연눈썹
3683,좋테
3684,좋반
3685,좋아요반사
3686,맞팔
3687,선팔맞팔
3688,소개계정맞팔
3689,팔로워판매
3690,좋아요판매
3691,첫줄반사
3692,첫줄
3693,협찬
3694,코로나
3695,속눈썹
3696,마스크
3697,오늘의훈녀
3698,오늘의훈남
3699,셀스타그램
3700,강아지
3701,헬스
3702,좋아요구매
3703,팔로워구매
3704,눈썹문신
3705,강남눈썹문신
3706,감성카페
3707,팔로워늘리기
3708,맞팔환영
3709,첫줄
3710,좋아요반사
3711,좋아요테러
3712,부계교환
3713,팔로워판매
3714,맞팔
3715,코로나
3716,인스타팔로워
3717,인스타좋아요
3718,좋반
3719,패션
3720,첫줄반사
3721,선팔맞팔
3722,데일리룩
3723,소개계정맞팔
3724,인기게시물
3725,데일리
3726,셀피
3727,인스타좋아요늘리기
3728,협찬
3729,팔로우늘리기
3730,눈썹반영구
3731,가로수길
3732,선팔하면맞팔
3733,팔로워구매
3734,한국인팔로워
3735,타투
3736,자연눈썹
3737,좋테
3738,좋반
3739,좋아요반사
3740,맞팔
3741,선팔맞팔
3742,소개계정맞팔
3743,팔로워판매
3744,좋아요판매
3745,첫줄반사
3746,첫줄
3747,협찬
3748,코로나
3749,속눈썹
3750,마스크
3751,오늘의훈녀
3752,오늘의훈남
3753,셀스타그램
3754,강아지
3755,헬스
3756,좋아요구매
3757,팔로워구매
3758,눈썹문신
3759,강남눈썹문신
3760,감성카페
3761,좋테
3762,좋반
3763,좋아요반사
3764,맞팔
3765,선팔맞팔
3766,소개계정맞팔
3767,팔로워판매
3768,좋아요판매
3769,첫줄반사
3770,첫줄
3771,협찬
3772,코로나
3773,속눈썹
3774,마스크
3775,오늘의훈녀
3776,오늘의훈남
3777,셀스타그램
3778,강아지
3779,헬스
3780,좋아요구매
3781,팔로워구매
3782,눈썹문신
3783,강남눈썹문신
3784,감성카페
3785,좋테
3786,좋반
3787,좋아요반사
3788,맞팔
3789,선팔맞팔
3790,소개계정맞팔
3791,팔로워판매
3792,좋아요판매
3793,첫줄반사
3794,첫줄
3795,협찬
3796,코로나
3797,속눈썹
3798,마스크
3799,오늘의훈녀
3800,오늘의훈남
3801,셀스타그램
3802,강아지
3803,헬스
3804,좋아요구매
3805,팔로워구매
3806,눈썹문신
3807,강남눈썹문신
3808,감성카페
3809,팔로워늘리기
3810,맞팔환영
3811,첫줄
3812,좋아요반사
3813,좋아요테러
3814,부계교환
3815,팔로워판매
3816,맞팔
3817,코로나
3818,인스타팔로워
3819,인스타좋아요
3820,좋반
3821,패션
3822,첫줄반사
3823,선팔맞팔
3824,데일리룩
3825,소개계정맞팔
3826,인기게시물
3827,데일리
3828,셀피
3829,인스타좋아요늘리기
3830,협찬
3831,팔로우늘리기
3832,눈썹반영구
3833,가로수길
3834,선팔하면맞팔
3835,팔로워구매
3836,한국인팔로워
3837,타투
3838,자연눈썹
3839,강아지
3840,헬스
3841,좋아요구매
3842,팔로워구매
3843,눈썹문신
3844,강남눈썹문신
3845,감성카페
3846,팔로워늘리기
3847,좋테
3848,좋반
3849,좋아요반사
3850,맞팔
3851,선팔맞팔
3852,소개계정맞팔
3853,팔로워판매
3854,좋아요판매
3855,첫줄반사
3856,첫줄
3857,협찬
3858,코로나
3859,가로수길
3860,속눈썹
3861,마스크
3862,오늘의훈녀
3863,오늘의훈남
3864,셀스타그램
3865,눈썹반영구
3866,홍대
3867,팔로우
3868,자연눈썹
3869,팔로워늘리기
3870,맞팔환영
3871,첫줄
3872,좋아요반사
3873,좋아요테러
3874,부계교환
3875,팔로워판매
3876,맞팔
3877,코로나
3878,인스타팔로워
3879,인스타좋아요
3880,좋반
3881,패션
3882,첫줄반사
3883,선팔맞팔
3884,데일리룩
3885,소개계정맞팔
3886,인기게시물
3887,데일리
3888,셀피
3889,인스타좋아요늘리기
3890,협찬
3891,팔로우늘리기
3892,눈썹반영구
3893,가로수길
3894,선팔하면맞팔
3895,팔로워구매
3896,한국인팔로워
3897,타투
3898,자연눈썹
3899,팔로워늘리기
3900,맞팔환영
3901,첫줄
3902,좋아요반사
3903,좋아요테러
3904,부계교환
3905,팔로워판매
3906,맞팔
3907,코로나
3908,인스타팔로워
3909,인스타좋아요
3910,좋반
3911,패션
3912,첫줄반사
3913,선팔맞팔
3914,데일리룩
3915,소개계정맞팔
3916,인기게시물
3917,데일리
3918,셀피
3919,인스타좋아요늘리기
3920,협찬
3921,팔로우늘리기
3922,눈썹반영구
3923,가로수길
3924,선팔하면맞팔
3925,팔로워구매
3926,한국인팔로워
3927,타투
3928,자연눈썹
3929,강아지
3930,헬스
3931,좋아요구매
3932,팔로워구매
3933,눈썹문신
3934,강남눈썹문신
3935,감성카페
3936,팔로워늘리기
3937,좋테
3938,좋반
3939,좋아요반사
3940,맞팔
3941,선팔맞팔
3942,소개계정맞팔
3943,팔로워판매
3944,좋아요판매
3945,첫줄반사
3946,첫줄
3947,협찬
3948,코로나
3949,가로수길
3950,속눈썹
3951,마스크
3952,오늘의훈녀
3953,오늘의훈남
3954,셀스타그램
3955,눈썹반영구
3956,홍대
3957,팔로우
3958,자연눈썹
3959,한강
3960,만보
3961,만보걷기
3962,만보걷기챌린지
3963,걷기왕
3964,걷기
3965,건강남
3966,운동
3967,힐링
3968,kare
3969,교보케어
3970,토스
3971,행복
3972,자유
3973,도전
3974,여행
3975,데일리
3976,일상스타그램
3977,운동매니아
3978,daily
3979,f4f
3980,flowers
3981,healing
3982,instadaily
3983,instagood
3984,selfie
3985,코로나
3986,코로나물러가라
3987,Dreamer헌일
3988,건강하게잘살기
3989,좋테
3990,좋반
3991,좋아요반사
3992,맞팔
3993,선팔맞팔
3994,소개계정맞팔
3995,팔로워판매
3996,좋아요판매
3997,첫줄반사
3998,첫줄
3999,협찬
4000,코로나
4001,속눈썹
4002,마스크
4003,오늘의훈녀
4004,오늘의훈남
4005,셀스타그램
4006,강아지
4007,헬스
4008,좋아요구매
4009,팔로워구매
4010,눈썹문신
4011,강남눈썹문신
4012,감성카페
4013,좋테
4014,좋반
4015,좋아요반사
4016,맞팔
4017,선팔맞팔
4018,소개계정맞팔
4019,팔로워판매
4020,좋아요판매
4021,첫줄반사
4022,첫줄
4023,협찬
4024,코로나
4025,속눈썹
4026,마스크
4027,오늘의훈녀
4028,오늘의훈남
4029,셀스타그램
4030,강아지
4031,헬스
4032,좋아요구매
4033,팔로워구매
4034,눈썹문신
4035,강남눈썹문신
4036,감성카페
4037,좋테
4038,좋반
4039,좋아요반사
4040,맞팔
4041,선팔맞팔
4042,소개계정맞팔
4043,팔로워판매
4044,좋아요판매
4045,첫줄반사
4046,첫줄
4047,협찬
4048,코로나
4049,속눈썹
4050,마스크
4051,오늘의훈녀
4052,오늘의훈남
4053,셀스타그램
4054,강아지
4055,헬스
4056,좋아요구매
4057,팔로워구매
4058,눈썹문신
4059,강남눈썹문신
4060,감성카페
4061,코로나
4062,8살생파
4063,둘째아들
4064,삼남매
4065,좋테
4066,좋반
4067,좋아요반사
4068,맞팔
4069,선팔맞팔
4070,소개계정맞팔
4071,팔로워판매
4072,좋아요판매
4073,첫줄반사
4074,첫줄
4075,협찬
4076,코로나
4077,속눈썹
4078,마스크
4079,오늘의훈녀
4080,오늘의훈남
4081,셀스타그램
4082,강아지
4083,헬스
4084,좋아요구매
4085,팔로워구매
4086,눈썹문신
4087,강남눈썹문신
4088,감성카페
4089,좋테
4090,좋반
4091,좋아요반사
4092,맞팔
4093,선팔맞팔
4094,소개계정맞팔
4095,팔로워판매
4096,좋아요판매
4097,첫줄반사
4098,첫줄
4099,협찬
4100,코로나
4101,속눈썹
4102,마스크
4103,오늘의훈녀
4104,오늘의훈남
4105,셀스타그램
4106,강아지
4107,헬스
4108,좋아요구매
4109,팔로워구매
4110,눈썹문신
4111,강남눈썹문신
4112,감성카페
4113,좋테
4114,좋반
4115,좋아요반사
4116,맞팔
4117,선팔맞팔
4118,소개계정맞팔
4119,팔로워판매
4120,좋아요판매
4121,첫줄반사
4122,첫줄
4123,협찬
4124,코로나
4125,속눈썹
4126,마스크
4127,오늘의훈녀
4128,오늘의훈남
4129,셀스타그램
4130,강아지
4131,헬스
4132,좋아요구매
4133,팔로워구매
4134,눈썹문신
4135,강남눈썹문신
4136,감성카페
4137,좋테
4138,좋반
4139,좋아요반사
4140,맞팔
4141,선팔맞팔
4142,소개계정맞팔
4143,팔로워판매
4144,좋아요판매
4145,첫줄반사
4146,첫줄
4147,협찬
4148,코로나
4149,속눈썹
4150,마스크
4151,오늘의훈녀
4152,오늘의훈남
4153,셀스타그램
4154,강아지
4155,헬스
4156,좋아요구매
4157,팔로워구매
4158,눈썹문신
4159,강남눈썹문신
4160,감성카페
4161,좋테
4162,좋반
4163,좋아요반사
4164,맞팔
4165,선팔맞팔
4166,소개계정맞팔
4167,팔로워판매
4168,좋아요판매
4169,첫줄반사
4170,첫줄
4171,협찬
4172,코로나
4173,속눈썹
4174,마스크
4175,오늘의훈녀
4176,오늘의훈남
4177,셀스타그램
4178,강아지
4179,헬스
4180,좋아요구매
4181,팔로워구매
4182,눈썹문신
4183,강남눈썹문신
4184,감성카페
4185,서울
4186,구리
4187,하남
4188,남양주
4189,육아
4190,코로나
4191,아기
4192,주부스타그램
4193,아들
4194,데일리
4195,성남
4196,용인
4197,등산
4198,출사
4199,벚꽃
4200,꽃스타그램
4201,점심
4202,오늘도
4203,사랑해
4204,내일도
4205,스타필드
4206,반짝반짝
4207,쇼핑몰
4208,운동시작
4209,흐린날
4210,사랑
4211,하우스
4212,공예
4213,동호회
4214,제발
4215,좋테
4216,좋반
4217,좋아요반사
4218,맞팔
4219,선팔맞팔
4220,소개계정맞팔
4221,팔로워판매
4222,좋아요판매
4223,첫줄반사
4224,첫줄
4225,협찬
4226,코로나
4227,속눈썹
4228,마스크
4229,오늘의훈녀
4230,오늘의훈남
4231,셀스타그램
4232,강아지
4233,헬스
4234,좋아요구매
4235,팔로워구매
4236,눈썹문신
4237,강남눈썹문신
4238,감성카페
4239,좋테
4240,좋반
4241,좋아요반사
4242,맞팔
4243,선팔맞팔
4244,소개계정맞팔
4245,팔로워판매
4246,좋아요판매
4247,첫줄반사
4248,첫줄
4249,협찬
4250,코로나
4251,속눈썹
4252,마스크
4253,오늘의훈녀
4254,오늘의훈남
4255,셀스타그램
4256,강아지
4257,헬스
4258,좋아요구매
4259,팔로워구매
4260,눈썹문신
4261,강남눈썹문신
4262,감성카페
4263,코로나
4264,협찬
4265,오늘의훈녀
4266,오늘의훈남
4267,헬스
4268,첫줄반사
4269,좋아요반사
4270,눈썹반영구
4271,팔로워늘리기
4272,팔로워판매
4273,인스타마케팅
4274,네일아트
4275,소개계정맞팔
4276,20대
4277,데이트
4278,다이어트
4279,팔로워
4280,패션스타그램
4281,데일리룩
4282,부계교환
4283,커플
4284,운동스타그램
4285,낚시
4286,코로나
4287,가문동보안관
4288,제주바다
4289,선팔하면맞팔
4290,코로나
4291,협찬
4292,오늘의훈녀
4293,오늘의훈남
4294,헬스
4295,첫줄반사
4296,좋아요반사
4297,눈썹반영구
4298,팔로워늘리기
4299,팔로워판매
4300,인스타마케팅
4301,네일아트
4302,소개계정맞팔
4303,20대
4304,데이트
4305,다이어트
4306,팔로워
4307,패션스타그램
4308,데일리룩
4309,부계교환
4310,커플
4311,운동스타그램
4312,과일선물
4313,코로나
4314,미운놈😡
4315,용과
4316,망고
4317,아보카도
4318,오렌지
4319,한라봉
4320,마시쩡👍
4321,코로나
4322,코로나19물러가라
4323,코로나맥주
4324,강릉
4325,강릉여행
4326,sl호텔
4327,호캉스
4328,사랑해
4329,iloveyou
4330,일요일멈춰
4331,코로나
4332,협찬
4333,오늘의훈녀
4334,오늘의훈남
4335,헬스
4336,첫줄반사
4337,좋아요반사
4338,눈썹반영구
4339,팔로워늘리기
4340,팔로워판매
4341,인스타마케팅
4342,네일아트
4343,소개계정맞팔
4344,20대
4345,데이트
4346,다이어트
4347,팔로워
4348,패션스타그램
4349,데일리룩
4350,부계교환
4351,커플
4352,운동스타그램
